MENUID,MENUTITLE,MENUPARENT,MENULEVEL,MENUORDER
2651,"Landing Page",1533,1,2
1254,"New Increment",1007,2,1
3281,Notification,1228,2,1
1713,"Payee Registration Details (Others)",1709,2,1
1416,"Generate Payslip",1498,2,1
2598,"Reset Password Debtor",1024,2,2
2057,"Journal Listing Details",1052,2,2
2209,"Update Debtor Information",1229,2,2
1685,"List of Vendor",1684,2,2
1718,"Bill Registration Form",1709,2,3
3404,Staff,3401,2,3
1008,"Role Configure",1003,2,4
1641,Integration,1543,2,5
2600,"Asset Verification Workflow",1547,2,5
1586,"Loan Profile Form",1130,2,5
1675,"Edit Overtime Claim Application",1136,2,5
1513,"Manual Journal",1052,2,6
2197,Payment,1229,2,6
1506,"Petty Cash Claim",1489,2,6
1597,"Project Detail",1543,2,6
1712,"Workflow Overtime Claim Application",1136,2,6
1330,Prefix,1003,2,7
1560,"New Initial V2",1007,2,7
2707,"Listing Posting to GL (Error)",1052,2,7
1821,"Voucher Registration Details",1709,2,7
1332,"Prefix (new)",1003,2,8
1977,"Payment Vendor",1228,2,8
2820,"View Investment Summary ",1404,2,8
2699,"Asset Cancellation For Approval",1547,2,8
1755,"Post Dated Cheque",1651,2,8
3043,"Transaction Report PTJ",1052,2,9
2447,"Advance Payment",1229,2,9
1824,"New Vendor",1684,2,9
1267,"Virement New",1007,2,10
1445,"Generate Bill",1404,2,10
2043,"Purchase Order Detail Completion",1684,2,10
1304,"Budget Code",1007,2,11
1734,"Bank Account Workflow",1019,2,11
1972,"Online Payment History",1228,2,11
1337,"New Initial",1007,2,12
1990,"Vendor Portal",1228,2,12
2481,"Request Petty Cash Details",1489,2,12
2659,"Refund UUM Plate",1651,2,13
1378,"Laporan Pengurusan Belanja",1007,2,14
1413,"Posting to TB Details",1052,2,14
1457,"Approval for Investment",1404,2,14
1646,"Adjustment Cost/Depreciation Workflow",1547,2,14
2661,"Agreement Details",1684,2,14
1382,"Laporan Peruntukan",1007,2,15
1898,"Upload Manual Journal",1052,2,15
2376,"Petty Cash Recoupment Details",1489,2,15
1198,"Monitoring Existing",1007,2,16
2769,"Tender/Quotation Details",1228,2,16
1483,"Approval for Withdrawal",1404,2,16
1878,"View Accrual",1404,2,16
1730,"Create New Return Cheque",1024,2,17
1627,Payslip,1130,2,17
2031,"Purchase Order Detail",1684,2,19
2083,"Work Progress Note Cancel Details",1684,2,20
1557,"Increment V2 Form",1007,2,21
1553,Profile,1547,2,21
1558,"Decrement V2 Form",1007,2,22
1559,"Virement V2 Form",1007,2,23
2902,"Write Off Workflow",1547,2,23
2074,"Vendor Assessment",1684,2,23
2098,"Budget In Advance",1007,2,24
1831,"Budget Listing",1007,2,25
2524,"Vendor Assessment WPN",1684,2,25
3301,"Register Information Spouse",1533,2,26
3305,"Register Information Children",1533,2,27
2165,"Budget / New In Advance",1007,2,28
2581,"Listing Budget",1007,2,30
2160,"Budget Advance Controlled",1007,2,31
2161,"Budget Advance Controlled Details",1007,2,32
3074,"Budget View",1007,2,33
1062,"invoice form",1061,3,1
1065,"Tag Sponsor to Student (Masri)",1064,3,1
1340,"New Allowance And Deduction",1854,3,1
1527,"Account Main",1526,3,1
1648,JPP,1641,3,1
1658,"1.Cover Letter Invoice",1657,3,1
1750,"Receipt Entry Data Listing",1748,3,1
1827,"New Purchase Order",2048,3,1
1842,"Statement of Account",1736,3,1
1970,"Payment Notification Letter",1969,3,1
2116,"Revenue Item",1040,3,1
2150,Listing,2149,3,1
2310,"New Application",2309,3,1
2352,"Monitoring By Account Code",1896,3,1
2358,"List of Knockoff",2357,3,1
2560,"Student Barring Information",2557,3,1
2723,"Tender Opening Detail",2826,3,1
3169,"Pre - Purchase Requisition List",3168,3,1
3464,Position,3463,3,1
1578,"Loan Type",1577,3,1
1603,Surat,1602,3,1
1076,"Process Data",1064,3,2
1195,"Instruction Information",1135,3,2
1216,Allowance,1051,3,2
1376,"EFT PROCESSING",1096,3,2
1449,"New Application",1494,3,2
1573,"Budget Planning",1574,3,2
1653,"New Cheque Registry",1655,3,2
1735,"Status Return Cheque",1747,3,2
1751,"Foreign Currency Data Listing",1748,3,2
1765,"2.Confirmation of Student Debt",1657,3,2
1766,"List of Breach Contract",2254,3,2
1825,"Vendor Detail",1922,3,2
1973,"Budget Report Listing",1966,3,2
1979,"PTJ VOT Information",1969,3,2
2129,"Revenue Item Form",1040,3,2
2311,"List of Refund Application",2309,3,2
2353,"Monitoring By Payee",1896,3,2
2359,"Knockoff Details",2357,3,2
2401,"Asset Registration List",1668,3,2
2416,"Report Voucher Panjar Wang Runcit",1880,3,2
2720,"Activity Recoupment Details",1097,3,2
2803,"Cancel Application",2149,3,2
2958,Information,2947,3,2
3171,"Pre - Purchase Requisition Details",3168,3,2
3271,"Transfer Form",3269,3,2
3405,Siberhutang,3403,3,2
3444,Profile,3442,3,2
1589,"Loan Type Category",1577,3,2
1614,"New Application / Computer & Smart Phone",1616,3,2
3186,"List of Schedule",1602,3,2
1077,"Generate Invoice",1064,3,3
1183,"Emergency Fund",1097,3,3
1219,"Statutory Information",1051,3,3
1370,"EFT Preparation",1096,3,3
1473,"List of Investment - Draft",1494,3,3
1572,"Planning Listing",1574,3,3
1752,"Card Info Data Listing",1748,3,3
1768,"3.Student Sponsorship Status",1657,3,3
1772,"List Of Cheque Return",1747,3,3
1792,"Voucher Listing Detail",1818,3,3
2109,"Bill Cancellation @ Knockoff Form",2377,3,3
2162,"New Application",2149,3,3
2329,"Trial Balance",1950,3,3
2340,"Tender Opening Detail",2332,3,3
2385,"Offline Receipt Application Approval",1047,3,3
2617,"Procurement Management",1938,3,3
2645,"Workflow TP1 Application",2592,3,3
2662,"Listing Payment In Advance",2357,3,3
2873,"Delete/Active & Inactive Schedule BOC",2254,3,3
2914,"New Application Workflow",2867,3,3
2959,"List of Upload DCA",2947,3,3
3210,"AG Rate Details",3197,3,3
3215,"PRE - PR To Be Cancel List",3168,3,3
3415,"Bil Belum Bayar",3403,3,3
1596,"Item Status",1577,3,3
2379,"Ledger (Old)",2378,3,3
3193,"List of Loan Accrual (Posting)",1602,3,3
2126,"Invoice Details",2145,3,3
1034,Barring,2557,3,4
1078,"Export Data",1064,3,4
1297,"New Quarter",1293,3,4
1373,"EFT Batching",1096,3,4
1439,Profile,1051,3,4
1477,"List of Investment - Rejected",1494,3,4
1478,"Sponsor Student",1149,3,4
1580,"Edit Application",1574,3,4
1649,RAIIS,1641,3,4
1754,"Bankin Slip Data Listing",1748,3,4
1769,"4.Study and Fee Information",1657,3,4
1844,"Outstanding Invoice",1736,3,4
1873,"Upload Bank Statement",1869,3,4
1910,"Doubtful Debt",2679,3,4
1921,"Account Code Mapping",1664,3,4
1943,"List Of Status Blacklist Vendor",1922,3,4
1944,Info,1922,3,4
1974,"Expenditure Management by Object Code for the Month",1966,3,4
2005,"Cash Book",1969,3,4
2178,"Generate Schedule",2149,3,4
2518,"Generate Bill",2149,3,4
2925,"Buka peti",2822,3,4
2950,"Upload DCA",2947,3,4
3122,"Cash Flow",2966,3,4
3216,"PRE - PR To Be Cancel Detail",3168,3,4
3233,"Approval for Investment",3225,3,4
3265,"Credit Note Cancellation Form",3241,3,4
3273,"Evaluation Detail",2826,3,4
3340,Bonus,1250,3,4
1599,"Loan Category",1577,3,4
1920,"Payroll Batching Form",1904,3,4
3132,"Application by Loan Type",1602,3,4
1512,"View Profile",1019,3,5
1079,"Generate Data for Refund",1064,3,5
1333,"Structure Budget",1293,3,5
1385,"EFT Download Text File",1096,3,5
1430,"Fund Type",1405,3,5
1650,SAM,1641,3,5
1738,"Receipt Approval",1044,3,5
1759,"Invoice Listing",1748,3,5
1770,"5.Confirmation of Payment Received",1657,3,5
1808,"List of Account Code",2211,3,5
1937,"Non-Invoice Structure Form",1786,3,5
1951,"View Trial Balance ",1950,3,5
2054,"Budget by Type",1966,3,5
2106,"Pembayaran Bil dan Tuntutan",1969,3,5
2111,"Receipt Collection Entry Form",1047,3,5
2284,"Discount Note",2312,3,5
2602,"Student Registration Barring Information",2557,3,5
2635,"Restricted Tendor",1938,3,5
2668,"Generate Schedule BOC",2254,3,5
3220,"PRE - PR To Be Cancel Partial List",3168,3,5
3417,"Evaluation Criteria",2826,3,5
1600,"New Loan Category",1577,3,5
2630,"Confirmation Payment",1982,3,5
3134,"Application Processed by Loan Commitee",1602,3,5
1068,"Sponsor Details",1149,3,6
1080,"Generate Data for Inv. Renewal",1064,3,6
1381,"EFT Transfer",1096,3,6
1466,"Tax Group",1461,3,6
1692,"JPP Project Details",1641,3,6
1775,"6.Outstanding Letter",1657,3,6
1777,"Recurring Invoice Data Listing",1748,3,6
2071,"Performance Expenses by Fund",1966,3,6
2091,"Reset Password",1922,3,6
2140,"Approval Offline Receipt",1047,3,6
2410,"Journal Bill Cancel Details",2377,3,6
2418,"Voucher Details",1818,3,6
2478,"Budget Planning Listing ",1574,3,6
2484,"Student Micro Credit Loan",1664,3,6
2646,"Report Barring",2557,3,6
2745,"Report Barring",2557,3,6
2862,"BOC Account Statement",2254,3,6
2957,"Comment Details",2947,3,6
3221,"PRE - PR To Be Cancel Partial Detail",3168,3,6
3422,"Evaluation Mark",2826,3,6
1617,"Insurance Type",1577,3,6
1708,"Overtime Limit",1659,3,6
1830,"Laporan Bulanan",1602,3,6
2288,"Payment In Advance Details",2285,3,6
2460,"Request Refund",2000,3,6
2585,"Change Method",1703,3,6
1380,"EFT Cancel",1096,3,7
1419,"Create Investment Type & GL Code",1405,3,7
1535,"Petty Cash Recoupment Approval",1097,3,7
1540,"Budget Planning Setup",1293,3,7
1671,"Donation / Special Category",1668,3,7
1693,"Project Profile Details",2276,3,7
1774,"Invoice Processing",1040,3,7
1776,"7.Tuition Fees",1657,3,7
2316,"Screening Emolumen Report",1966,3,7
2328,"Voucher Replace Details",1818,3,7
2356,"Receipt on Behalf Approval",1044,3,7
2375,"Floating Point for Profile Setup",2210,3,7
2461,"Bill View",2377,3,7
2477,"Budget Planning V2",1574,3,7
2541,"View Other Deduction",1695,3,7
2632,"Report Hutang By PTJ UUM",2292,3,7
2764,"Report Barring Student Offered",2557,3,7
2969,"Listing Posting (BOC)",2254,3,7
2975,"Payment History",2947,3,7
1618,"License Class",1577,3,7
1625,"View Loan Application",1616,3,7
2004,"Payment In Advance Details",2000,3,7
2032,Reminder,1982,3,7
2095,"Laporan Tahunan",1602,3,7
2394,"Payment In Advance Details",2382,3,7
2522,"List of Refund Application (Portal)",2382,3,7
1181,"Others Payment",1096,3,8
1426,"Update Investment Type & GL Code",1405,3,8
1479,"Sponsor Student Details",1149,3,8
1503,"Sponsor Details",1149,3,8
1615,"Project Profile So Code",2210,3,8
2051,"Loan Modification",1130,3,8
2374,"Voucher Details",1818,3,8
2548,"Purchase Requisition Cancellation",2319,3,8
2634,"Report Pergerakan Hutang UUM ",2292,3,8
2725,"Selection Detail",2826,3,8
2739,"Renew Vendor",1922,3,8
2811,"Laporan Prestasi Pembayaran Bill",1969,3,8
3244,"Bill Registration Edisi 2",2377,3,8
3332,"Payslip From MyFis Lite",1051,3,8
1621,"Loan Processing Fee",1577,3,8
1629,"Workflow Loan Application for Vehicle",1616,3,8
1925,"Working Hours",1659,3,8
2050,"Payment In Advance Details (Draft)",2000,3,8
2302,"Payment In Advance Details",2299,3,8
2464,"Request Refund",2382,3,8
3274,"Laporan Pinjaman dan Pecahan Caj Perkhidmatan",1602,3,8
2349,"Student Account Statement",1703,3,8
1492,"Approval For Invoice",1064,3,9
1929,"Journal New",1140,3,9
2052,"Loan Modification Workflow",1130,3,9
2147,"Revenue Item Account Code",1040,3,9
2501,"Counter data Listing",1047,3,9
2607,Listing,1896,3,9
2650,"Edit Project Profile",2210,3,9
1579,Blacklist,1577,3,9
1620,"Workflow Loan Application for Computer & Smart Phone",1616,3,9
2077,"List of Refund Application (Portal)",2000,3,9
2485,"Payment In Advance Details (Draft)",2285,3,9
3282,"Laporan Pinjaman <Komputer/Kenderaan>",1602,3,9
1434,"GL Code Setup",1405,3,10
1501,"Tag Sponsor to Student",1064,3,10
1502,V2_SFSP_TSTS_FORM,1149,3,10
1749,"AR Invoice Data Listing",1748,3,10
1931,"Journal Details",1140,3,10
2148,"Revenue Item Account Code Form",1040,3,10
2806,"Statement Detail",2292,3,10
1948,"Position Allowed to Overtime Claim",1659,3,10
2396,"Payment In Advance Details (Draft)",2382,3,10
3293,"Lampiran A - Penyata Tabung Pusingan",1602,3,10
1640,"Update Loan Information",1130,3,11
1781,"CN Data Listing",1748,3,11
1989,"PCB Calculator",1481,3,11
3214,"Dasar Baru / One Off Form",1574,3,11
2653,"Status Application Portal",2000,3,11
2655,"Print Application Student (Portal)",2000,3,11
3276,"Loan Fund",1577,3,11
3294,"Lampiran B - Penyata Pengiraan Kelayakan",1602,3,11
1406,"Institution Information",1405,3,12
1459,"Voucher Registration PY",1140,3,12
1536,"SFSI Approval For Invoice",1149,3,12
1785,"DC data Listing",1748,3,12
2516,"Budget Emolumen Per Individual",1966,3,12
3101,"Laporan JPKA",1969,3,12
3373,"Tender Cancellation Detail",2826,3,12
3295,"Penyata Potongan Gaji (Lampiran C)",1602,3,12
1447,"Update Institution Information",1405,3,13
1460,"Voucher Registration Details PY",1140,3,13
1788,"DN data Listing",1748,3,13
2156,"Penyata Perbelanjaan Pengajian Lanjutan",1481,3,13
2658,"Print BRF By Batch",2000,3,13
3326,"Loan Balance Confirmation as at 31 Dec",1602,3,13
1865,"Open Payment List",1748,3,14
2021,"Advance Payment Process",1149,3,14
2076,"Sponsorship Account Statement",1149,3,14
2719,"Activity Recoupment",1097,3,14
3163,Semakan,1969,3,14
3333,"Laporan Potongan Bulanan",1602,3,14
1890,"Sponsor Details",1736,3,15
1964,"Unsuccessful Open Payment List",1748,3,15
2044,"Reversal Journal Details",2135,3,15
2049,"Advance Payment Journal Approval",1149,3,15
2503,"Integration Allowance",1481,3,15
3251,"Laporan Perbelanjaan Mengikut Bahagian",1966,3,15
3334,"Loan Ageing",1602,3,15
1837,"Good Receive Note Details",2087,3,16
2294,"Receipt Cancel Data Listing",1748,3,16
3252,"Laporan Perbezaan Budget Summary vs P&L",1966,3,16
1846,Cart,1736,3,17
2088,"Reverse Journal Details",2135,3,17
2170,"Journal Advance Knockoff Details",1149,3,17
3219,"Official Receipt Listing",1748,3,17
1525,"Fee Structure Form",1061,3,18
1569,V2_SFS_DISCOUNT_FORM,1059,3,18
2169,"Journal Advance Knockoff",1149,3,18
3354,Commitment,1966,3,18
3418,"Receipt MyFis Lite Listing",1748,3,18
2354,"Advance Payment Transfer To Student",1149,3,19
3364,Perjawatan,1966,3,19
1912,"Non-fee Structure Form",1061,3,20
2395,"Student Journal Approval by One Off",1149,3,20
3292,"Form Loan Payment Information ",1130,3,24
2521,"Refund Setup",1664,3,61
1722,"Bank Guarantee Details",1721,3,120
1913,"List of Work Order Staff",1135,3,123
1963,"Purpose for Petty Cash",1526,3,123
2119,"Invoice Structure Form",1786,3,123
2306,"Payment In Advance Details (Draft)",2299,3,123
2062,"Upload Bank Statement",2061,3,124
2086,"Good Receive Note Cancel Details",2087,3,124
2011,"Bill Payment Data From Bank",1263,3,126
1218,"Staff Deduction",1217,4,1
1690,"Fund Main",1689,4,1
2025,Bank,2022,4,1
2187,"Student Loan Setup",2196,4,1
2261,"List of Panel Lawyer",2260,4,1
2339,Setup,2334,4,1
2386,"Journal Recoupment",2372,4,1
2435,"List of DCA",2434,4,1
2472,"List Of Outstanding",2469,4,1
2499,Matching,2498,4,1
2539,"New Advance Declaration",2536,4,1
2695,"Listing Status Application",1982,4,1
2843,"List Of Staff Study",1686,4,1
2882,"By Invoice ",2881,4,1
2899,"Activity Type",2244,4,1
2965,"Statement C12154",3095,4,1
2968,Overall,2967,4,1
3030,"List of Knockoff",3029,4,1
3055,Overall,3054,4,1
3082,Overall,3081,4,1
3155,"Process Advance Closing",3153,4,1
3356,"Asset Registration GRN/Bill/Journal",3396,4,1
3377,"Debtor Ageing Summary",3376,4,1
3386,"Advance Ageing Summary",3407,4,1
3393,"Budget Summary By PTJ (WBR071)",3392,4,1
3429,"Grant Application Summary",3296,4,1
1983,Accrual,2637,4,1
2028,"Release List",2631,4,1
2068,"Manual Recoup",2018,4,1
2218,"List of Reminder",2204,4,1
2223,"List of Reminder",2205,4,1
1221,Zakat/PCB,1217,4,2
1687,"List Of Staff Study Old",1686,4,2
2243,"Assign Panel Lawyer",2260,4,2
2338,"Payment Process",2334,4,2
2387,"Voucher Recoupment",2372,4,2
2391,"Jumlah Kutipan Gantirugi",2380,4,2
2420,"Advance Staff Form",2344,4,2
2722,"New Application (Portal)",1982,4,2
2890,"List of Refund Bill",2874,4,2
2936,"Debt Type",2244,4,2
2970,"Fund Type",2967,4,2
3031,"Knockoff Details",3029,4,2
3044,"Umum Allocation, Expenditure & Balance of Allocation by PTJ",3045,4,2
3061,"Fund Type",3054,4,2
3157,"Process Advance Closing (Allocation Basis)",3153,4,2
3227,"Budget Checking (WBR068A)",3236,4,2
3378,"Debtor Ageing Details",3376,4,2
2069,"Recoup Form",2018,4,2
2219,"Generated Reminder",2204,4,2
2224,"Generated Reminder",2205,4,2
2628,"Journal Release",2631,4,2
2638,"Journal Accrual",2637,4,2
1222,"Others Deduction",1217,4,3
1688,"Staff Study Details",1686,4,3
1697,Category,1689,4,3
2171,"Zakat / Waqaf Deduction Application Portal",3023,4,3
2303,"List Of Refund Bill",2299,4,3
2341,"List of Card Holder",2334,4,3
2555,"List of Refund Portal",2000,4,3
2564,"Voucher Details",2326,4,3
2893,"Payment In Advance Details",2874,4,3
2919,"Declaration Receipt Form",2536,4,3
2938,"Commission Rate",2244,4,3
3035,PTJ,2967,4,3
3062,PTJ,3054,4,3
3092,"Monitoring C12154",3029,4,3
3156,"List of Advance Closing",3153,4,3
3382,"Budget Summary By Date (WBR068)",3236,4,3
3383,"Journal G-Asset",3396,4,3
2084,"Recoupment Status",2018,4,3
2629,"Journal Release Details",2631,4,3
2639,"Journal Accrual Details",2637,4,3
1230,Loan,1217,4,4
1698,Parent,1689,4,4
2176,"Report of Refund Bill",2000,4,4
2305,"List of Refund Portal",2299,4,4
2335,"Credit Card Clearance",2334,4,4
2351,"Upload NOD",2260,4,4
2606,"List of Refund Portal",2382,4,4
2641,"Generate PWR",2344,4,4
2844,"Staff Study Details",1686,4,4
2894,"Payment In Advance Details (Draft)",2874,4,4
2903,"Debtor Profile",2434,4,4
3088,Statement,2967,4,4
3089,Statement,3054,4,4
3389,"Budget Variation By Date (WBR069)",3236,4,4
3395,"Asset Cancellation - G-Asset",3396,4,4
3523,"Release Cheque",1287,4,4
2079,"Recoupment Details",2018,4,4
2649,Listing,2637,4,4
2652,Listing,2631,4,4
1282,"Advance Deduction",1217,4,5
1705,Region,1689,4,5
2040,"List of Refund Bill",2000,4,5
2345,"Credit Card Statement ",2334,4,5
2393,"List Of Refund Bill",2382,4,5
2428,"List of NOD Uploaded",2260,4,5
2620,"Manual Journal Form",2536,4,5
2891,"Report of Refund Bill",2874,4,5
3084,"Cooling-off Period",2434,4,5
3237,"Departmental Budget (WBR070)",3236,4,5
3398,"Asset Cancellation For Verification G-Asset",3396,4,5
2070,"Recoupment Details (Draft)",2018,4,5
1288,"Cheque Book (Old)",1287,4,6
2304,"Report of Refund Bill",2299,4,6
2398,"Report of Refund Bill",2382,4,6
2771,"ReAssign or Withdraw From DCA",2434,4,6
3238,"Budget Summary by PTJ (WBR073)",3236,4,6
3399,"Asset Cancellation  For Approval G-Asset",3396,4,6
2080,"List of Recoupment Application (Portal)",2018,4,6
1433,"Cheque Listing (Old)",1287,4,7
2786,"Withdrawal List (old)",2434,4,7
3359,"Asset Approval GRN/Bill/Journal",3396,4,7
1179,"Cheque PROCESSING (Old)",1287,4,8
3083,"Withdrawal List",2434,4,8
3240,"Departmental Budget by PTJ (WBR075)",3236,4,8
1310,"Cheque Book New (Old)",1287,4,9
2785,"Assigned Case History",2434,4,9
1420,"Cheque Preparation (Old)",1287,4,10
2441,"Update Customer Feedback",2434,4,10
3267,"Loan Vendor",1577,4,10
3289,"Overall Bank Cheque Transaction",1287,4,10
1421,"Cheque Printing (Old)",1287,4,11
2432,"Recoupment Approval",2344,4,11
2615,"List of Review by Type",2434,4,11
1422,"Cheque Update (Old)",1287,4,12
2981,"Listing of Collection",2434,4,12
2467,"Generate Accrual",2344,4,13
2982,"Payment History",2434,4,13
2979,"Listing of Invoice Fully Paid",2434,4,14
2980,"Comment Details",2434,4,15
2961,"Staff Profile",2434,4,18
2851,"Kew Pa 24 - Kenyataan Tawaran Tender Pelupusan Aset Alih",3531,4,24
2856,"Kew Pa 26 - Jadual Tender Pelupusan Aset Alih",3531,4,26
2858,"Kew Pa 28 - Borang Sebut Harga Pelupusan Aset Alih",3531,4,28
2860,"Kew Pa 30 - Kenyataan Jualan Lelong Aset Alih",3531,4,30
2554,"Other Payment",1904,4,61
1723,"Fund Setup",1689,4,119
2038,Listing,2033,4,123
2037,Reminder,2033,4,124
2388,"Jumlah Gantirugi Mengikut Kategori Staff",2380,5,1
1926,"Refund Application",2701,5,1
2199,"List of Outstanding",2405,5,1
2300,"Refund Application",2704,5,1
2350,"By Type",2492,5,1
2384,"Refund Application",2703,5,1
2407,"List of Outstanding",2406,5,1
2436,"Case to be Assigned to DCA",3046,5,1
2439,"List of DCA by Customer",3016,5,1
2729,"Outstanding List",2728,5,1
2871,"List Of Outstanding",2870,5,1
2885,"Refund Application",2875,5,1
2917," Report By DCA",2916,5,1
2997,"Calculate Commission",3017,5,1
2301,"List of Refund",2704,5,2
2408,"Generated Reminder",2406,5,2
2427,"By Panel",2492,5,2
2440,"List of Customer by DCA",3016,5,2
2821,"Address Student",1703,5,2
2876,"List of Refund",2875,5,2
2918,"Report All DCA",2916,5,2
3008,"Listing of Commission Calculated",3017,5,2
3014,"Confirm to be Assigned",3046,5,2
2603,"List of Reminder Status",2380,5,3
2001,"List of Refund",2701,5,3
2182,"Generated Reminder",2405,5,3
2392,"List of Refund",2703,5,3
3097,"Report JKTK",2916,5,3
2621,"List of Breach Contract",2380,5,4
2413,"List Of Outstanding",2414,5,4
2716,"Recoupment Details (Draft)",2711,5,4
2714,"Recoupment Status",2711,5,7
2712,"Recoup Details",2711,5,8
2442,"Generate Bill Recoupment old",2711,5,9
2599,"Reminder Status",1703,5,9
2415,"Generated Reminder",2414,5,125
